Area,Area Id,Variable Name,Variable Id,Year,Value,Symbol
Colombia,44,Total area of the country,4100,1982,114175,E
Colombia,44,Total area of the country,4100,1987,114175,E
Colombia,44,Total area of the country,4100,1992,114175,E
Colombia,44,Total area of the country,4100,1997,114175,E
Colombia,44,Total area of the country,4100,2002,114175,E
Colombia,44,Total area of the country,4100,2007,114175,E
Colombia,44,Total area of the country,4100,2012,114175,E
Colombia,44,Total area of the country,4100,2016,114175,E
Colombia,44,Arable land area,4101,1982,3743,E
Colombia,44,Arable land area,4101,1987,3824,E
Colombia,44,Arable land area,4101,1992,3070,E
Colombia,44,Arable land area,4101,1997,2539,E
Colombia,44,Arable land area,4101,2002,2211,E
Colombia,44,Arable land area,4101,2007,1998,E
Colombia,44,Arable land area,4101,2012,1578,E
Colombia,44,Arable land area,4101,2016,1689,E
Colombia,44,Permanent crops area,4102,1982,1480,E
Colombia,44,Permanent crops area,4102,1987,1494,E
Colombia,44,Permanent crops area,4102,1992,1830,E
Colombia,44,Permanent crops area,4102,1997,1718,E
Colombia,44,Permanent crops area,4102,2002,1525,E
Colombia,44,Permanent crops area,4102,2007,1572,E
Colombia,44,Permanent crops area,4102,2012,1875,E
Colombia,44,Permanent crops area,4102,2016,1906,E
Colombia,44,Cultivated area (arable land + permanent crops),4103,1982,5223,E
Colombia,44,Cultivated area (arable land + permanent crops),4103,1987,5318,E
Colombia,44,Cultivated area (arable land + permanent crops),4103,1992,4900,E
Colombia,44,Cultivated area (arable land + permanent crops),4103,1997,4257,E
Colombia,44,Cultivated area (arable land + permanent crops),4103,2002,3736,E
Colombia,44,Cultivated area (arable land + permanent crops),4103,2007,3570,E
Colombia,44,Cultivated area (arable land + permanent crops),4103,2012,3453,E
Colombia,44,Cultivated area (arable land + permanent crops),4103,2016,3595,E
Colombia,44,% of total country area cultivated,4470,1982,4.575,E
Colombia,44,% of total country area cultivated,4470,1987,4.658,E
Colombia,44,% of total country area cultivated,4470,1992,4.292,E
Colombia,44,% of total country area cultivated,4470,1997,3.728,E
Colombia,44,% of total country area cultivated,4470,2002,3.272,E
Colombia,44,% of total country area cultivated,4470,2007,3.127,E
Colombia,44,% of total country area cultivated,4470,2012,3.024,E
Colombia,44,% of total country area cultivated,4470,2016,3.149,E
Colombia,44,Total population,4104,1982,29027,E
Colombia,44,Total population,4104,1987,32324,E
Colombia,44,Total population,4104,1992,35559,E
Colombia,44,Total population,4104,1997,38645,E
Colombia,44,Total population,4104,2002,41572,E
Colombia,44,Total population,4104,2007,44375,E
Colombia,44,Total population,4104,2012,46881,E
Colombia,44,Total population,4104,2015,48229,E
Colombia,44,Rural population,4105,1982,11131,E
Colombia,44,Rural population,4105,1987,11408,E
Colombia,44,Rural population,4105,1992,11572,E
Colombia,44,Rural population,4105,1997,11680,E
Colombia,44,Rural population,4105,2002,11615,E
Colombia,44,Rural population,4105,2007,11371,E
Colombia,44,Rural population,4105,2012,10815,E
Colombia,44,Rural population,4105,2015,10371,E
Colombia,44,Urban population,4106,1982,17896,E
Colombia,44,Urban population,4106,1987,20916,E
Colombia,44,Urban population,4106,1992,23987,E
Colombia,44,Urban population,4106,1997,26965,E
Colombia,44,Urban population,4106,2002,29957,E
Colombia,44,Urban population,4106,2007,33004,E
Colombia,44,Urban population,4106,2012,36066,E
Colombia,44,Urban population,4106,2015,37858,E
Colombia,44,Population density,4107,1982,25.42,E
Colombia,44,Population density,4107,1987,28.31,E
Colombia,44,Population density,4107,1992,31.14,E
Colombia,44,Population density,4107,1997,33.85,E
Colombia,44,Population density,4107,2002,36.41,E
Colombia,44,Population density,4107,2007,38.87,E
Colombia,44,Population density,4107,2012,41.06,E
Colombia,44,Population density,4107,2016,42.24,E
Colombia,44,Gross Domestic Product (GDP),4112,1982,3.90E+10,E
Colombia,44,Gross Domestic Product (GDP),4112,1987,3.64E+10,E
Colombia,44,Gross Domestic Product (GDP),4112,1992,4.93E+10,E
Colombia,44,Gross Domestic Product (GDP),4112,1997,1.07E+11,E
Colombia,44,Gross Domestic Product (GDP),4112,2002,9.79E+10,E
Colombia,44,Gross Domestic Product (GDP),4112,2007,2.07E+11,E
Colombia,44,Gross Domestic Product (GDP),4112,2012,3.70E+11,E
Colombia,44,Gross Domestic Product (GDP),4112,2015,2.92E+11,E
Colombia,44,GDP per capita,4458,1982,1342,E
Colombia,44,GDP per capita,4458,1987,1125,E
Colombia,44,GDP per capita,4458,1992,1386,E
Colombia,44,GDP per capita,4458,1997,2769,E
Colombia,44,GDP per capita,4458,2002,2356,E
Colombia,44,GDP per capita,4458,2007,4665,E
Colombia,44,GDP per capita,4458,2012,7892,E
Colombia,44,GDP per capita,4458,2015,6054,E
Colombia,44,"Agriculture, value added (% GDP)",4113,1982,19.3,E
Colombia,44,"Agriculture, value added (% GDP)",4113,1987,18.72,E
Colombia,44,"Agriculture, value added (% GDP)",4113,1992,15.8,E
Colombia,44,"Agriculture, value added (% GDP)",4113,1997,13.71,E
Colombia,44,"Agriculture, value added (% GDP)",4113,2002,9.2,E
Colombia,44,"Agriculture, value added (% GDP)",4113,2007,7.83,E
Colombia,44,"Agriculture, value added (% GDP)",4113,2012,6.327,E
Colombia,44,"Agriculture, value added (% GDP)",4113,2015,6.827,E
Colombia,44,Human Development Index (HDI) [highest = 1],4111,1990,0.596,E
Colombia,44,Human Development Index (HDI) [highest = 1],4111,2000,0.6542,E
Colombia,44,Human Development Index (HDI) [highest = 1],4111,2012,0.715,E
Colombia,44,Human Development Index (HDI) [highest = 1],4111,2014,0.7202,E
Colombia,44,Gender Inequality Index (GII) [equality = 0; inequality = 1),4537,2000,0.522,E
Colombia,44,Gender Inequality Index (GII) [equality = 0; inequality = 1),4537,2005,0.506,E
Colombia,44,Gender Inequality Index (GII) [equality = 0; inequality = 1),4537,2010,0.466,E
Colombia,44,Gender Inequality Index (GII) [equality = 0; inequality = 1),4537,2014,0.4285,E
Colombia,44,Prevalence of undernourishment (3-year average),4474,1992,14.6,E
Colombia,44,Prevalence of undernourishment (3-year average),4474,1997,10.2,E
Colombia,44,Prevalence of undernourishment (3-year average),4474,2002,9.6,E
Colombia,44,Prevalence of undernourishment (3-year average),4474,2007,9.7,E
Colombia,44,Prevalence of undernourishment (3-year average),4474,2012,11.2,E
Colombia,44,Prevalence of undernourishment (3-year average),4474,2016,8.8,E
Colombia,44,Number of people undernourished (3-year average),4473,1992,5000,E
Colombia,44,Number of people undernourished (3-year average),4473,1997,3800,E
Colombia,44,Number of people undernourished (3-year average),4473,2002,3900,E
Colombia,44,Number of people undernourished (3-year average),4473,2007,4200,E
Colombia,44,Number of people undernourished (3-year average),4473,2012,5300,E
Colombia,44,Number of people undernourished (3-year average),4473,2016,4400,E
Colombia,44,Long-term average annual precipitation in depth,4151,1982,3240,
Colombia,44,Long-term average annual precipitation in depth,4151,1987,3240,
Colombia,44,Long-term average annual precipitation in depth,4151,1992,3240,
Colombia,44,Long-term average annual precipitation in depth,4151,1997,3240,
Colombia,44,Long-term average annual precipitation in depth,4151,2002,3240,
Colombia,44,Long-term average annual precipitation in depth,4151,2007,3240,
Colombia,44,Long-term average annual precipitation in depth,4151,2012,3240,
Colombia,44,Long-term average annual precipitation in depth,4151,2014,3240,
Colombia,44,Long-term average annual precipitation in volume,4150,1982,3699,
Colombia,44,Long-term average annual precipitation in volume,4150,1987,3699,
Colombia,44,Long-term average annual precipitation in volume,4150,1992,3699,
Colombia,44,Long-term average annual precipitation in volume,4150,1997,3699,
Colombia,44,Long-term average annual precipitation in volume,4150,2002,3699,
Colombia,44,Long-term average annual precipitation in volume,4150,2007,3699,
Colombia,44,Long-term average annual precipitation in volume,4150,2012,3699,
Colombia,44,Long-term average annual precipitation in volume,4150,2016,3699,K
Colombia,44,National Rainfall Index (NRI),4472,1978,2877,E
Colombia,44,National Rainfall Index (NRI),4472,1986,2862,E
Colombia,44,National Rainfall Index (NRI),4472,1989,2821,E
Colombia,44,National Rainfall Index (NRI),4472,1994,3063,E
Colombia,44,National Rainfall Index (NRI),4472,2000,2862,E
Colombia,44,Surface water produced internally,4155,1982,2145,
Colombia,44,Surface water produced internally,4155,1987,2145,
Colombia,44,Surface water produced internally,4155,1992,2145,
Colombia,44,Surface water produced internally,4155,1997,2145,
Colombia,44,Surface water produced internally,4155,2002,2145,
Colombia,44,Surface water produced internally,4155,2007,2145,
Colombia,44,Surface water produced internally,4155,2012,2145,
Colombia,44,Surface water produced internally,4155,2014,2145,
Colombia,44,Groundwater produced internally,4154,1982,510,
Colombia,44,Groundwater produced internally,4154,1987,510,
Colombia,44,Groundwater produced internally,4154,1992,510,
Colombia,44,Groundwater produced internally,4154,1997,510,
Colombia,44,Groundwater produced internally,4154,2002,510,
Colombia,44,Groundwater produced internally,4154,2007,510,
Colombia,44,Groundwater produced internally,4154,2012,510,
Colombia,44,Groundwater produced internally,4154,2014,510,
Colombia,44,Overlap between surface water and groundwater,4156,1982,510,
Colombia,44,Overlap between surface water and groundwater,4156,1987,510,
Colombia,44,Overlap between surface water and groundwater,4156,1992,510,
Colombia,44,Overlap between surface water and groundwater,4156,1997,510,
Colombia,44,Overlap between surface water and groundwater,4156,2002,510,
Colombia,44,Overlap between surface water and groundwater,4156,2007,510,
Colombia,44,Overlap between surface water and groundwater,4156,2012,510,
Colombia,44,Overlap between surface water and groundwater,4156,2014,510,
Colombia,44,Total internal renewable water resources (IRWR),4157,1982,2145,
Colombia,44,Total internal renewable water resources (IRWR),4157,1987,2145,
Colombia,44,Total internal renewable water resources (IRWR),4157,1992,2145,
Colombia,44,Total internal renewable water resources (IRWR),4157,1997,2145,
Colombia,44,Total internal renewable water resources (IRWR),4157,2002,2145,
Colombia,44,Total internal renewable water resources (IRWR),4157,2007,2145,
Colombia,44,Total internal renewable water resources (IRWR),4157,2012,2145,
Colombia,44,Total internal renewable water resources (IRWR),4157,2014,2145,
Colombia,44,Total internal renewable water resources per capita,4158,1982,73897,K
Colombia,44,Total internal renewable water resources per capita,4158,1987,66359,K
Colombia,44,Total internal renewable water resources per capita,4158,1992,60322,K
Colombia,44,Total internal renewable water resources per capita,4158,1997,55505,K
Colombia,44,Total internal renewable water resources per capita,4158,2002,51597,K
Colombia,44,Total internal renewable water resources per capita,4158,2007,48338,K
Colombia,44,Total internal renewable water resources per capita,4158,2012,45754,K
Colombia,44,Total internal renewable water resources per capita,4158,2014,44475,K
Colombia,44,Surface water: entering the country (total),4159,1982,215,
Colombia,44,Surface water: entering the country (total),4159,1987,215,
Colombia,44,Surface water: entering the country (total),4159,1992,215,
Colombia,44,Surface water: entering the country (total),4159,1997,215,
Colombia,44,Surface water: entering the country (total),4159,2002,215,
Colombia,44,Surface water: entering the country (total),4159,2007,215,
Colombia,44,Surface water: entering the country (total),4159,2012,215,
Colombia,44,Surface water: entering the country (total),4159,2014,215,
Colombia,44,Surface water: inflow not submitted to treaties,4160,1982,215,
Colombia,44,Surface water: inflow not submitted to treaties,4160,1987,215,
Colombia,44,Surface water: inflow not submitted to treaties,4160,1992,215,
Colombia,44,Surface water: inflow not submitted to treaties,4160,1997,215,
Colombia,44,Surface water: inflow not submitted to treaties,4160,2002,215,
Colombia,44,Surface water: inflow not submitted to treaties,4160,2007,215,
Colombia,44,Surface water: inflow not submitted to treaties,4160,2012,215,
Colombia,44,Surface water: inflow not submitted to treaties,4160,2014,215,
Colombia,44,Surface water: inflow submitted to treaties,4161,1982,0,
Colombia,44,Surface water: inflow submitted to treaties,4161,1987,0,
Colombia,44,Surface water: inflow submitted to treaties,4161,1992,0,
Colombia,44,Surface water: inflow submitted to treaties,4161,1997,0,
Colombia,44,Surface water: inflow submitted to treaties,4161,2002,0,
Colombia,44,Surface water: inflow submitted to treaties,4161,2007,0,
Colombia,44,Surface water: inflow submitted to treaties,4161,2012,0,
Colombia,44,Surface water: inflow submitted to treaties,4161,2014,0,
Colombia,44,Surface water: inflow secured through treaties,4162,1982,0,
Colombia,44,Surface water: inflow secured through treaties,4162,1987,0,
Colombia,44,Surface water: inflow secured through treaties,4162,1992,0,
Colombia,44,Surface water: inflow secured through treaties,4162,1997,0,
Colombia,44,Surface water: inflow secured through treaties,4162,2002,0,
Colombia,44,Surface water: inflow secured through treaties,4162,2007,0,
Colombia,44,Surface water: inflow secured through treaties,4162,2012,0,
Colombia,44,Surface water: inflow secured through treaties,4162,2014,0,
Colombia,44,Surface water: total flow of border rivers,4165,1982,0,
Colombia,44,Surface water: total flow of border rivers,4165,1987,0,
Colombia,44,Surface water: total flow of border rivers,4165,1992,0,
Colombia,44,Surface water: total flow of border rivers,4165,1997,0,
Colombia,44,Surface water: total flow of border rivers,4165,2002,0,
Colombia,44,Surface water: total flow of border rivers,4165,2007,0,
Colombia,44,Surface water: total flow of border rivers,4165,2012,0,
Colombia,44,Surface water: total flow of border rivers,4165,2014,0,
Colombia,44,Surface water: accounted flow of border rivers,4168,1982,0,
Colombia,44,Surface water: accounted flow of border rivers,4168,1987,0,
Colombia,44,Surface water: accounted flow of border rivers,4168,1992,0,
Colombia,44,Surface water: accounted flow of border rivers,4168,1997,0,
Colombia,44,Surface water: accounted flow of border rivers,4168,2002,0,
Colombia,44,Surface water: accounted flow of border rivers,4168,2007,0,
Colombia,44,Surface water: accounted flow of border rivers,4168,2012,0,
Colombia,44,Surface water: accounted flow of border rivers,4168,2014,0,
Colombia,44,Surface water: accounted inflow,4164,1982,215,
Colombia,44,Surface water: accounted inflow,4164,1987,215,
Colombia,44,Surface water: accounted inflow,4164,1992,215,
Colombia,44,Surface water: accounted inflow,4164,1997,215,
Colombia,44,Surface water: accounted inflow,4164,2002,215,
Colombia,44,Surface water: accounted inflow,4164,2007,215,
Colombia,44,Surface water: accounted inflow,4164,2012,215,
Colombia,44,Surface water: accounted inflow,4164,2014,215,
Colombia,44,Surface water: leaving the country to other countries (total),4171,1982,1375,
Colombia,44,Surface water: leaving the country to other countries (total),4171,1987,1375,
Colombia,44,Surface water: leaving the country to other countries (total),4171,1992,1375,
Colombia,44,Surface water: leaving the country to other countries (total),4171,1997,1375,
Colombia,44,Surface water: leaving the country to other countries (total),4171,2002,1375,
Colombia,44,Surface water: leaving the country to other countries (total),4171,2007,1375,
Colombia,44,Surface water: leaving the country to other countries (total),4171,2012,1375,
Colombia,44,Surface water: leaving the country to other countries (total),4171,2014,1375,
Colombia,44,Surface water: outflow to other countries not submitted to treaties,4172,1982,1375,
Colombia,44,Surface water: outflow to other countries not submitted to treaties,4172,1987,1375,
Colombia,44,Surface water: outflow to other countries not submitted to treaties,4172,1992,1375,
Colombia,44,Surface water: outflow to other countries not submitted to treaties,4172,1997,1375,
Colombia,44,Surface water: outflow to other countries not submitted to treaties,4172,2002,1375,
Colombia,44,Surface water: outflow to other countries not submitted to treaties,4172,2007,1375,
Colombia,44,Surface water: outflow to other countries not submitted to treaties,4172,2012,1375,
Colombia,44,Surface water: outflow to other countries not submitted to treaties,4172,2014,1375,
Colombia,44,Surface water: outflow to other countries submitted to treaties,4173,1982,0,
Colombia,44,Surface water: outflow to other countries submitted to treaties,4173,1987,0,
Colombia,44,Surface water: outflow to other countries submitted to treaties,4173,1992,0,
Colombia,44,Surface water: outflow to other countries submitted to treaties,4173,1997,0,
Colombia,44,Surface water: outflow to other countries submitted to treaties,4173,2002,0,
Colombia,44,Surface water: outflow to other countries submitted to treaties,4173,2007,0,
Colombia,44,Surface water: outflow to other countries submitted to treaties,4173,2012,0,
Colombia,44,Surface water: outflow to other countries submitted to treaties,4173,2014,0,
Colombia,44,Surface water: outflow to other countries secured through treaties,4174,1982,0,
Colombia,44,Surface water: outflow to other countries secured through treaties,4174,1987,0,
Colombia,44,Surface water: outflow to other countries secured through treaties,4174,1992,0,
Colombia,44,Surface water: outflow to other countries secured through treaties,4174,1997,0,
Colombia,44,Surface water: outflow to other countries secured through treaties,4174,2002,0,
Colombia,44,Surface water: outflow to other countries secured through treaties,4174,2007,0,
Colombia,44,Surface water: outflow to other countries secured through treaties,4174,2012,0,
Colombia,44,Surface water: outflow to other countries secured through treaties,4174,2014,0,
Colombia,44,Surface water: total external renewable,4176,1982,215,
Colombia,44,Surface water: total external renewable,4176,1987,215,
Colombia,44,Surface water: total external renewable,4176,1992,215,
Colombia,44,Surface water: total external renewable,4176,1997,215,
Colombia,44,Surface water: total external renewable,4176,2002,215,
Colombia,44,Surface water: total external renewable,4176,2007,215,
Colombia,44,Surface water: total external renewable,4176,2012,215,
Colombia,44,Surface water: total external renewable,4176,2014,215,
Colombia,44,Groundwater: entering the country (total),4177,1982,0,
Colombia,44,Groundwater: entering the country (total),4177,1987,0,
Colombia,44,Groundwater: entering the country (total),4177,1992,0,
Colombia,44,Groundwater: entering the country (total),4177,1997,0,
Colombia,44,Groundwater: entering the country (total),4177,2002,0,
Colombia,44,Groundwater: entering the country (total),4177,2007,0,
Colombia,44,Groundwater: entering the country (total),4177,2012,0,
Colombia,44,Groundwater: entering the country (total),4177,2014,0,
Colombia,44,Groundwater: accounted inflow,4452,1982,0,
Colombia,44,Groundwater: accounted inflow,4452,1987,0,
Colombia,44,Groundwater: accounted inflow,4452,1992,0,
Colombia,44,Groundwater: accounted inflow,4452,1997,0,
Colombia,44,Groundwater: accounted inflow,4452,2002,0,
Colombia,44,Groundwater: accounted inflow,4452,2007,0,
Colombia,44,Groundwater: accounted inflow,4452,2012,0,
Colombia,44,Groundwater: accounted inflow,4452,2014,0,
Colombia,44,Groundwater: leaving the country to other countries (total),4178,1982,0,
Colombia,44,Groundwater: leaving the country to other countries (total),4178,1987,0,
Colombia,44,Groundwater: leaving the country to other countries (total),4178,1992,0,
Colombia,44,Groundwater: leaving the country to other countries (total),4178,1997,0,
Colombia,44,Groundwater: leaving the country to other countries (total),4178,2002,0,
Colombia,44,Groundwater: leaving the country to other countries (total),4178,2007,0,
Colombia,44,Groundwater: leaving the country to other countries (total),4178,2012,0,
Colombia,44,Groundwater: leaving the country to other countries (total),4178,2014,0,
Colombia,44,Groundwater: accounted outflow to other countries,4453,1982,0,I
Colombia,44,Groundwater: accounted outflow to other countries,4453,1987,0,I
Colombia,44,Groundwater: accounted outflow to other countries,4453,1992,0,I
Colombia,44,Groundwater: accounted outflow to other countries,4453,1997,0,I
Colombia,44,Groundwater: accounted outflow to other countries,4453,2002,0,I
Colombia,44,Groundwater: accounted outflow to other countries,4453,2007,0,I
Colombia,44,Groundwater: accounted outflow to other countries,4453,2012,0,I
Colombia,44,Groundwater: accounted outflow to other countries,4453,2014,0,I
Colombia,44,Water resources: total external renewable,4182,1982,215,
Colombia,44,Water resources: total external renewable,4182,1987,215,
Colombia,44,Water resources: total external renewable,4182,1992,215,
Colombia,44,Water resources: total external renewable,4182,1997,215,
Colombia,44,Water resources: total external renewable,4182,2002,215,
Colombia,44,Water resources: total external renewable,4182,2007,215,
Colombia,44,Water resources: total external renewable,4182,2012,215,
Colombia,44,Water resources: total external renewable,4182,2014,215,
Colombia,44,Total renewable surface water,4185,1982,2360,
Colombia,44,Total renewable surface water,4185,1987,2360,
Colombia,44,Total renewable surface water,4185,1992,2360,
Colombia,44,Total renewable surface water,4185,1997,2360,
Colombia,44,Total renewable surface water,4185,2002,2360,
Colombia,44,Total renewable surface water,4185,2007,2360,
Colombia,44,Total renewable surface water,4185,2012,2360,
Colombia,44,Total renewable surface water,4185,2014,2360,
Colombia,44,Total renewable groundwater,4187,1982,510,
Colombia,44,Total renewable groundwater,4187,1987,510,
Colombia,44,Total renewable groundwater,4187,1992,510,
Colombia,44,Total renewable groundwater,4187,1997,510,
Colombia,44,Total renewable groundwater,4187,2002,510,
Colombia,44,Total renewable groundwater,4187,2007,510,
Colombia,44,Total renewable groundwater,4187,2012,510,
Colombia,44,Total renewable groundwater,4187,2014,510,
Colombia,44,Overlap: between surface water and groundwater,4536,1982,510,
Colombia,44,Overlap: between surface water and groundwater,4536,1987,510,
Colombia,44,Overlap: between surface water and groundwater,4536,1992,510,
Colombia,44,Overlap: between surface water and groundwater,4536,1997,510,
Colombia,44,Overlap: between surface water and groundwater,4536,2002,510,
Colombia,44,Overlap: between surface water and groundwater,4536,2007,510,
Colombia,44,Overlap: between surface water and groundwater,4536,2012,510,
Colombia,44,Overlap: between surface water and groundwater,4536,2014,510,
Colombia,44,Total renewable water resources,4188,1982,2360,
Colombia,44,Total renewable water resources,4188,1987,2360,
Colombia,44,Total renewable water resources,4188,1992,2360,
Colombia,44,Total renewable water resources,4188,1997,2360,
Colombia,44,Total renewable water resources,4188,2002,2360,
Colombia,44,Total renewable water resources,4188,2007,2360,
Colombia,44,Total renewable water resources,4188,2012,2360,
Colombia,44,Total renewable water resources,4188,2014,2360,
Colombia,44,Dependency ratio,4192,1982,9.11,
Colombia,44,Dependency ratio,4192,1987,9.11,
Colombia,44,Dependency ratio,4192,1992,9.11,
Colombia,44,Dependency ratio,4192,1997,9.11,
Colombia,44,Dependency ratio,4192,2002,9.11,
Colombia,44,Dependency ratio,4192,2007,9.11,
Colombia,44,Dependency ratio,4192,2012,9.11,
Colombia,44,Dependency ratio,4192,2014,9.11,
Colombia,44,Total renewable water resources per capita,4190,1982,81304,K
Colombia,44,Total renewable water resources per capita,4190,1987,73011,K
Colombia,44,Total renewable water resources per capita,4190,1992,66369,K
Colombia,44,Total renewable water resources per capita,4190,1997,61069,K
Colombia,44,Total renewable water resources per capita,4190,2002,56769,K
Colombia,44,Total renewable water resources per capita,4190,2007,53183,K
Colombia,44,Total renewable water resources per capita,4190,2012,50340,K
Colombia,44,Total renewable water resources per capita,4190,2014,48933,K
Colombia,44,Interannual variability (WRI),4541,2013,1.3,E
Colombia,44,Seasonal variability (WRI),4542,2013,1.5,E
Colombia,44,Total dam capacity,4197,1980,6.569,L
Colombia,44,Total dam capacity,4197,1985,7.493,L
Colombia,44,Total dam capacity,4197,1990,8.001,L
Colombia,44,Total dam capacity,4197,1995,8.83,L
Colombia,44,Total dam capacity,4197,2000,10.69,L
Colombia,44,Total dam capacity,4197,2005,11.11,L
Colombia,44,Total dam capacity,4197,2010,11.28,
Colombia,44,Total dam capacity,4197,2015,11.28,L
Colombia,44,Dam capacity per capita,4471,1980,226.3,K
Colombia,44,Dam capacity per capita,4471,1985,231.8,K
Colombia,44,Dam capacity per capita,4471,1990,225,K
Colombia,44,Dam capacity per capita,4471,1995,228.5,K
Colombia,44,Dam capacity per capita,4471,2000,257.1,K
Colombia,44,Dam capacity per capita,4471,2005,250.4,K
Colombia,44,Dam capacity per capita,4471,2010,240.6,K
Colombia,44,Dam capacity per capita,4471,2015,233.9,K
Colombia,44,Agricultural water withdrawal,4250,1996,3.308,
Colombia,44,Agricultural water withdrawal,4250,2000,4.92,L
Colombia,44,Agricultural water withdrawal,4250,2008,6.391,I
Colombia,44,Industrial water withdrawal,4252,2000,0.359,
Colombia,44,Industrial water withdrawal,4252,2008,2.242,
Colombia,44,Municipal water withdrawal,4251,2000,2.467,
Colombia,44,Municipal water withdrawal,4251,2008,3.134,
Colombia,44,Total water withdrawal,4253,2000,7.746,I
Colombia,44,Total water withdrawal,4253,2008,11.77,I
Colombia,44,Irrigation water withdrawal,4475,2010,5.867,L
Colombia,44,Irrigation water requirement,4260,2011,2.273,L
Colombia,44,Agricultural water withdrawal as % of total water withdrawal,4254,2000,63.52,I
Colombia,44,Agricultural water withdrawal as % of total water withdrawal,4254,2008,54.3,I
Colombia,44,Industrial water withdrawal as % of total water withdrawal,4256,2000,4.635,I
Colombia,44,Industrial water withdrawal as % of total water withdrawal,4256,2008,19.05,I
Colombia,44,Municipal water withdrawal as % of total withdrawal,4255,2000,31.85,I
Colombia,44,Municipal water withdrawal as % of total withdrawal,4255,2008,26.63,I
Colombia,44,Total water withdrawal per capita,4257,2000,186.3,K
Colombia,44,Total water withdrawal per capita,4257,2008,251.1,K
Colombia,44,Environmental Flow Requirements,4549,1982,984.6,E
Colombia,44,Environmental Flow Requirements,4549,1987,984.6,E
Colombia,44,Environmental Flow Requirements,4549,1992,984.6,E
Colombia,44,Environmental Flow Requirements,4549,1997,984.6,E
Colombia,44,Environmental Flow Requirements,4549,2002,984.6,E
Colombia,44,Environmental Flow Requirements,4549,2007,984.6,E
Colombia,44,Environmental Flow Requirements,4549,2012,984.6,E
Colombia,44,Environmental Flow Requirements,4549,2017,984.6,E
Colombia,44,Fresh surface water withdrawal (primary and secondary),4261,2008,10.69,I
Colombia,44,Fresh groundwater withdrawal (primary and secondary),4262,2008,1.073,
Colombia,44,Total freshwater withdrawal (primary and secondary),4263,2000,7.746,I
Colombia,44,Total freshwater withdrawal (primary and secondary),4263,2008,11.77,I
Colombia,44,Produced municipal wastewater,4269,1996,2.094,
Colombia,44,Produced municipal wastewater,4269,2004,2.11,
Colombia,44,Produced municipal wastewater,4269,2010,2.397,
Colombia,44,Collected municipal wastewater,4493,1993,,
Colombia,44,Collected municipal wastewater,4493,2005,,
Colombia,44,Collected municipal wastewater,4493,2008,0.552,
Colombia,44,Treated municipal wastewater,4270,1996,0.142,
Colombia,44,Treated municipal wastewater,4270,2007,,
Colombia,44,Treated municipal wastewater,4270,2008,0.154,
Colombia,44,Number of municipal wastewater treatment facilities,4515,2002,,
Colombia,44,Number of municipal wastewater treatment facilities,4515,2006,411,
Colombia,44,Capacity of the municipal wastewater treatment facilities,4516,2010,0.608,
Colombia,44,Not treated municipal wastewater,4491,1996,1.952,
Colombia,44,Not treated municipal wastewater,4491,2010,1.8,I
Colombia,44,Treated municipal wastewater discharged (secondary water),4510,2003,,
Colombia,44,MDG 7.5. Freshwater withdrawal as % of total renewable water resources,4275,1996,0.42,
Colombia,44,MDG 7.5. Freshwater withdrawal as % of total renewable water resources,4275,2000,0.3282,I
Colombia,44,MDG 7.5. Freshwater withdrawal as % of total renewable water resources,4275,2008,0.4987,I
Colombia,44,Agricultural water withdrawal as % of total renewable water resources,4273,1996,0.15,
Colombia,44,Agricultural water withdrawal as % of total renewable water resources,4273,2000,0.2085,I
Colombia,44,Agricultural water withdrawal as % of total renewable water resources,4273,2008,0.2708,I
Colombia,44,SDG 6.4.2. Water Stress,4550,2000,0.5632,K
Colombia,44,SDG 6.4.2. Water Stress,4550,2008,0.8558,K
Colombia,44,Irrigation potential,4307,1982,7600,
Colombia,44,Irrigation potential,4307,1987,7600,
Colombia,44,Irrigation potential,4307,1992,7600,
Colombia,44,Irrigation potential,4307,1997,7600,
Colombia,44,Irrigation potential,4307,2002,7600,
Colombia,44,Irrigation potential,4307,2007,7600,
Colombia,44,Irrigation potential,4307,2012,7600,
Colombia,44,Irrigation potential,4307,2013,7600,
Colombia,44,Area equipped for full control irrigation: sprinkler irrigation,4309,1992,37.27,
Colombia,44,Area equipped for full control irrigation: localized irrigation,4310,1992,6.036,
Colombia,44,Area equipped for full control irrigation: total,4311,1998,900,
Colombia,44,Area equipped for full control irrigation: total,4311,2011,1087,
Colombia,44,Area equipped for full control irrigation: actually irrigated,4461,2011,394,I
Colombia,44,% of area equipped for full control irrigation actually irrigated,4463,2011,36.25,I
Colombia,44,Area equipped for irrigation: total,4313,1995,900,
Colombia,44,Area equipped for irrigation: total,4313,1998,900,
Colombia,44,Area equipped for irrigation: total,4313,2011,1087,
Colombia,44,Area equipped for irrigation: actually irrigated,4318,2011,394,I
Colombia,44,% of the area equipped for irrigation actually irrigated,4328,2011,36.25,I
Colombia,44,% of the cultivated area equipped for irrigation,4331,1995,21.14,K
Colombia,44,% of the cultivated area equipped for irrigation,4331,1998,24.09,K
Colombia,44,% of the cultivated area equipped for irrigation,4331,2011,31.48,K
Colombia,44,% of irrigation potential equipped for irrigation,4330,1995,11.84,
Colombia,44,% of irrigation potential equipped for irrigation,4330,1998,11.84,
Colombia,44,% of irrigation potential equipped for irrigation,4330,2011,14.3,
Colombia,44,Total agricultural water managed area,4317,1995,900,
Colombia,44,Total agricultural water managed area,4317,1998,900,
Colombia,44,Total agricultural water managed area,4317,2011,1087,
Colombia,44,% of agricultural water managed area equipped for irrigation,4319,1995,100,
Colombia,44,% of agricultural water managed area equipped for irrigation,4319,1998,100,
Colombia,44,% of agricultural water managed area equipped for irrigation,4319,2011,100,
Colombia,44,Total harvested irrigated crop area (full control irrigation),4379,1994,124.7,
Colombia,44,Total harvested irrigated crop area (full control irrigation),4379,2011,524,
Colombia,44,Harvested irrigated temporary crop area: Total,4520,1994,109.5,
Colombia,44,Harvested irrigated temporary crop area: Total,4520,2011,487,
Colombia,44,Harvested irrigated permanent crop area: Total,4521,1994,15.18,
Colombia,44,Harvested irrigated permanent crop area: Total,4521,2011,37,
Colombia,44,Irrigated cropping intensity,4464,2011,133,I
Colombia,44,Harvested irrigated temporary crop area: Rice,4346,1994,71.81,
Colombia,44,Harvested irrigated temporary crop area: Rice,4346,2011,244.9,
Colombia,44,Harvested irrigated temporary crop area: Sorghum,4350,1994,11.86,
Colombia,44,Harvested irrigated temporary crop area: Other cereals,4351,2011,34.8,
Colombia,44,Harvested irrigated temporary crop area: Vegetables,4360,2011,26.77,
Colombia,44,Harvested irrigated temporary crop area: Soybeans,4371,1994,7.771,
Colombia,44,Harvested irrigated temporary crop area: Potatoes,4352,2011,8.709,
Colombia,44,Harvested irrigated temporary crop area: Sugarcane,4357,2011,168,
Colombia,44,Harvested irrigated temporary crop area: Fodder,4369,1994,6.163,
Colombia,44,Harvested irrigated temporary crop area: Cotton,4367,1994,5.374,
Colombia,44,Harvested irrigated temporary crop area: Cotton,4367,2011,1.044,
Colombia,44,Harvested irrigated temporary crop area: Tobacco,4366,2011,2.451,
Colombia,44,Harvested irrigated temporary crop area: Other crops,4377,1994,6.523,
Colombia,44,Harvested irrigated permanent crop area: Plantains,4356,2011,1.6,
Colombia,44,Harvested irrigated permanent crop area: Bananas,4361,1994,5.804,
Colombia,44,Harvested irrigated permanent crop area: Other fruits,4524,2011,14.17,
Colombia,44,Harvested irrigated permanent crop area: Coffee,4364,2011,9.427,
Colombia,44,Harvested irrigated permanent crop area: Cocoa beans,4363,2011,12.08,
Colombia,44,Harvested irrigated permanent crop area: Other crops,4378,1994,9.38,
Colombia,44,Area equipped for irrigation drained,4303,1998,96.95,
Colombia,44,Non-irrigated cultivated area drained,4304,1998,0,I
Colombia,44,Total cultivated area drained,4300,1998,96.95,I
Colombia,44,% of area equipped for irrigation drained,4446,1998,10.77,
Colombia,44,% of total cultivated area drained,4305,1998,2.595,K
Colombia,44,Area salinized by irrigation,4400,1999,300,
Colombia,44,% of area equipped for irrigation salinized,4445,1999,33.33,
Colombia,44,Flood occurrence (WRI),4543,2013,3.7,E
Colombia,44,Total population with access to safe drinking-water (JMP),4114,1992,88.8,E
Colombia,44,Total population with access to safe drinking-water (JMP),4114,1997,89.5,E
Colombia,44,Total population with access to safe drinking-water (JMP),4114,2002,90.1,E
Colombia,44,Total population with access to safe drinking-water (JMP),4114,2007,90.7,E
Colombia,44,Total population with access to safe drinking-water (JMP),4114,2012,91.2,E
Colombia,44,Total population with access to safe drinking-water (JMP),4114,2015,91.4,E
Colombia,44,Rural population with access to safe drinking-water (JMP),4115,1992,69.2,E
Colombia,44,Rural population with access to safe drinking-water (JMP),4115,1997,70.3,E
Colombia,44,Rural population with access to safe drinking-water (JMP),4115,2002,71.4,E
Colombia,44,Rural population with access to safe drinking-water (JMP),4115,2007,72.5,E
Colombia,44,Rural population with access to safe drinking-water (JMP),4115,2012,73.6,E
Colombia,44,Rural population with access to safe drinking-water (JMP),4115,2015,73.8,E
Colombia,44,Urban population with access to safe drinking-water (JMP),4116,1992,97.4,E
Colombia,44,Urban population with access to safe drinking-water (JMP),4116,1997,97.3,E
Colombia,44,Urban population with access to safe drinking-water (JMP),4116,2002,97.1,E
Colombia,44,Urban population with access to safe drinking-water (JMP),4116,2007,97,E
Colombia,44,Urban population with access to safe drinking-water (JMP),4116,2012,96.9,E
Colombia,44,Urban population with access to safe drinking-water (JMP),4116,2015,96.8,E
Colombia,44,Population affected by water related disease,4403,1994,51.02,
Colombia,44,Population affected by water related disease,4403,2009,7.089,
Venezuela (Bolivarian Republic of),236,Total area of the country,4100,1982,91205,E
Venezuela (Bolivarian Republic of),236,Total area of the country,4100,1987,91205,E
Venezuela (Bolivarian Republic of),236,Total area of the country,4100,1992,91205,E
Venezuela (Bolivarian Republic of),236,Total area of the country,4100,1997,91205,E
Venezuela (Bolivarian Republic of),236,Total area of the country,4100,2002,91205,E
Venezuela (Bolivarian Republic of),236,Total area of the country,4100,2007,91205,E
Venezuela (Bolivarian Republic of),236,Total area of the country,4100,2012,91205,E
Venezuela (Bolivarian Republic of),236,Total area of the country,4100,2016,91205,E
Venezuela (Bolivarian Republic of),236,Arable land area,4101,1982,2811,E
Venezuela (Bolivarian Republic of),236,Arable land area,4101,1987,3097,E
Venezuela (Bolivarian Republic of),236,Arable land area,4101,1992,2601,E
Venezuela (Bolivarian Republic of),236,Arable land area,4101,1997,2593,E
Venezuela (Bolivarian Republic of),236,Arable land area,4101,2002,2500,E
Venezuela (Bolivarian Republic of),236,Arable land area,4101,2007,2659,E
Venezuela (Bolivarian Republic of),236,Arable land area,4101,2012,2700,E
Venezuela (Bolivarian Republic of),236,Arable land area,4101,2016,2700,E
Venezuela (Bolivarian Republic of),236,Permanent crops area,4102,1982,749,E
Venezuela (Bolivarian Republic of),236,Permanent crops area,4102,1987,763,E
Venezuela (Bolivarian Republic of),236,Permanent crops area,4102,1992,761,E
Venezuela (Bolivarian Republic of),236,Permanent crops area,4102,1997,803,E
Venezuela (Bolivarian Republic of),236,Permanent crops area,4102,2002,800,E
Venezuela (Bolivarian Republic of),236,Permanent crops area,4102,2007,700,E
Venezuela (Bolivarian Republic of),236,Permanent crops area,4102,2012,700,E
Venezuela (Bolivarian Republic of),236,Permanent crops area,4102,2016,700,E
Venezuela (Bolivarian Republic of),236,Cultivated area (arable land + permanent crops),4103,1982,3560,E
Venezuela (Bolivarian Republic of),236,Cultivated area (arable land + permanent crops),4103,1987,3860,E
Venezuela (Bolivarian Republic of),236,Cultivated area (arable land + permanent crops),4103,1992,3362,E
Venezuela (Bolivarian Republic of),236,Cultivated area (arable land + permanent crops),4103,1997,3396,E
Venezuela (Bolivarian Republic of),236,Cultivated area (arable land + permanent crops),4103,2002,3300,E
Venezuela (Bolivarian Republic of),236,Cultivated area (arable land + permanent crops),4103,2007,3359,E
Venezuela (Bolivarian Republic of),236,Cultivated area (arable land + permanent crops),4103,2012,3400,E
Venezuela (Bolivarian Republic of),236,Cultivated area (arable land + permanent crops),4103,2016,3400,E
Venezuela (Bolivarian Republic of),236,% of total country area cultivated,4470,1982,3.903,E
Venezuela (Bolivarian Republic of),236,% of total country area cultivated,4470,1987,4.232,E
Venezuela (Bolivarian Republic of),236,% of total country area cultivated,4470,1992,3.686,E
Venezuela (Bolivarian Republic of),236,% of total country area cultivated,4470,1997,3.723,E
Venezuela (Bolivarian Republic of),236,% of total country area cultivated,4470,2002,3.618,E
Venezuela (Bolivarian Republic of),236,% of total country area cultivated,4470,2007,3.683,E
Venezuela (Bolivarian Republic of),236,% of total country area cultivated,4470,2012,3.728,E
Venezuela (Bolivarian Republic of),236,% of total country area cultivated,4470,2016,3.728,E
Venezuela (Bolivarian Republic of),236,Total population,4104,1982,16186,E
Venezuela (Bolivarian Republic of),236,Total population,4104,1987,18438,E
Venezuela (Bolivarian Republic of),236,Total population,4104,1992,20799,E
Venezuela (Bolivarian Republic of),236,Total population,4104,1997,23108,E
Venezuela (Bolivarian Republic of),236,Total population,4104,2002,25399,E
Venezuela (Bolivarian Republic of),236,Total population,4104,2007,27671,E
Venezuela (Bolivarian Republic of),236,Total population,4104,2012,29854,E
Venezuela (Bolivarian Republic of),236,Total population,4104,2015,31108,E
Venezuela (Bolivarian Republic of),236,Rural population,4105,1982,3333,E
Venezuela (Bolivarian Republic of),236,Rural population,4105,1987,3287,E
Venezuela (Bolivarian Republic of),236,Rural population,4105,1992,3191,E
Venezuela (Bolivarian Republic of),236,Rural population,4105,1997,3090,E
Venezuela (Bolivarian Republic of),236,Rural population,4105,2002,2994,E
Venezuela (Bolivarian Republic of),236,Rural population,4105,2007,3155,E
Venezuela (Bolivarian Republic of),236,Rural population,4105,2012,3239,E
Venezuela (Bolivarian Republic of),236,Rural population,4105,2015,3260,E
Venezuela (Bolivarian Republic of),236,Urban population,4106,1982,12853,E
Venezuela (Bolivarian Republic of),236,Urban population,4106,1987,15151,E
Venezuela (Bolivarian Republic of),236,Urban population,4106,1992,17608,E
Venezuela (Bolivarian Republic of),236,Urban population,4106,1997,20018,E
Venezuela (Bolivarian Republic of),236,Urban population,4106,2002,22405,E
Venezuela (Bolivarian Republic of),236,Urban population,4106,2007,24516,E
Venezuela (Bolivarian Republic of),236,Urban population,4106,2012,26615,E
Venezuela (Bolivarian Republic of),236,Urban population,4106,2015,27848,E
Venezuela (Bolivarian Republic of),236,Population density,4107,1982,17.75,E
Venezuela (Bolivarian Republic of),236,Population density,4107,1987,20.22,E
Venezuela (Bolivarian Republic of),236,Population density,4107,1992,22.8,E
Venezuela (Bolivarian Republic of),236,Population density,4107,1997,25.34,E
Venezuela (Bolivarian Republic of),236,Population density,4107,2002,27.85,E
Venezuela (Bolivarian Republic of),236,Population density,4107,2007,30.34,E
Venezuela (Bolivarian Republic of),236,Population density,4107,2012,32.73,E
Venezuela (Bolivarian Republic of),236,Population density,4107,2016,34.11,E
Venezuela (Bolivarian Republic of),236,Gross Domestic Product (GDP),4112,1982,7.67E+10,E
Venezuela (Bolivarian Republic of),236,Gross Domestic Product (GDP),4112,1987,4.53E+10,E
Venezuela (Bolivarian Republic of),236,Gross Domestic Product (GDP),4112,1992,5.85E+10,E
Venezuela (Bolivarian Republic of),236,Gross Domestic Product (GDP),4112,1997,8.58E+10,E
Venezuela (Bolivarian Republic of),236,Gross Domestic Product (GDP),4112,2002,9.29E+10,E
Venezuela (Bolivarian Republic of),236,Gross Domestic Product (GDP),4112,2007,2.30E+11,E
Venezuela (Bolivarian Republic of),236,Gross Domestic Product (GDP),4112,2012,3.81E+11,E
Venezuela (Bolivarian Republic of),236,Gross Domestic Product (GDP),4112,2013,3.71E+11,E
Venezuela (Bolivarian Republic of),236,GDP per capita,4458,1982,4738,E
Venezuela (Bolivarian Republic of),236,GDP per capita,4458,1987,2459,E
Venezuela (Bolivarian Republic of),236,GDP per capita,4458,1992,2811,E
Venezuela (Bolivarian Republic of),236,GDP per capita,4458,1997,3715,E
Venezuela (Bolivarian Republic of),236,GDP per capita,4458,2002,3657,E
Venezuela (Bolivarian Republic of),236,GDP per capita,4458,2007,8312,E
Venezuela (Bolivarian Republic of),236,GDP per capita,4458,2012,12762,E
Venezuela (Bolivarian Republic of),236,GDP per capita,4458,2013,11926,E
Venezuela (Bolivarian Republic of),236,"Agriculture, value added (% GDP)",4113,1982,5.203,E
Venezuela (Bolivarian Republic of),236,"Agriculture, value added (% GDP)",4113,1987,6.583,E
Venezuela (Bolivarian Republic of),236,"Agriculture, value added (% GDP)",4113,1992,5.427,E
Venezuela (Bolivarian Republic of),236,"Agriculture, value added (% GDP)",4113,1997,4.93,E
Venezuela (Bolivarian Republic of),236,"Agriculture, value added (% GDP)",4113,2002,4.103,E
Venezuela (Bolivarian Republic of),236,"Agriculture, value added (% GDP)",4113,2007,4.125,E
Venezuela (Bolivarian Republic of),236,"Agriculture, value added (% GDP)",4113,2012,5.471,E
Venezuela (Bolivarian Republic of),236,Human Development Index (HDI) [highest = 1],4111,1990,0.6349,E
Venezuela (Bolivarian Republic of),236,Human Development Index (HDI) [highest = 1],4111,2000,0.6734,E
Venezuela (Bolivarian Republic of),236,Human Development Index (HDI) [highest = 1],4111,2012,0.7638,E
Venezuela (Bolivarian Republic of),236,Human Development Index (HDI) [highest = 1],4111,2014,0.7623,E
Venezuela (Bolivarian Republic of),236,Gender Inequality Index (GII) [equality = 0; inequality = 1),4537,2005,0.474,E
Venezuela (Bolivarian Republic of),236,Gender Inequality Index (GII) [equality = 0; inequality = 1),4537,2010,0.469,E
Venezuela (Bolivarian Republic of),236,Gender Inequality Index (GII) [equality = 0; inequality = 1),4537,2014,0.4759,E
Venezuela (Bolivarian Republic of),236,Prevalence of undernourishment (3-year average),4474,1992,14.1,E
Venezuela (Bolivarian Republic of),236,Prevalence of undernourishment (3-year average),4474,1997,16,E
Venezuela (Bolivarian Republic of),236,Prevalence of undernourishment (3-year average),4474,2002,15.3,E
Venezuela (Bolivarian Republic of),236,Prevalence of undernourishment (3-year average),4474,2007,9,E
Venezuela (Bolivarian Republic of),236,Prevalence of undernourishment (3-year average),4474,2008,6.8,E
Venezuela (Bolivarian Republic of),236,Number of people undernourished (3-year average),4473,1992,2800,E
Venezuela (Bolivarian Republic of),236,Number of people undernourished (3-year average),4473,1997,3600,E
Venezuela (Bolivarian Republic of),236,Number of people undernourished (3-year average),4473,2002,3800,E
Venezuela (Bolivarian Republic of),236,Number of people undernourished (3-year average),4473,2007,2500,E
Venezuela (Bolivarian Republic of),236,Number of people undernourished (3-year average),4473,2008,1900,E
Venezuela (Bolivarian Republic of),236,Long-term average annual precipitation in depth,4151,1982,2044,
Venezuela (Bolivarian Republic of),236,Long-term average annual precipitation in depth,4151,1987,2044,
Venezuela (Bolivarian Republic of),236,Long-term average annual precipitation in depth,4151,1992,2044,
Venezuela (Bolivarian Republic of),236,Long-term average annual precipitation in depth,4151,1997,2044,
Venezuela (Bolivarian Republic of),236,Long-term average annual precipitation in depth,4151,2002,2044,
Venezuela (Bolivarian Republic of),236,Long-term average annual precipitation in depth,4151,2007,2044,
Venezuela (Bolivarian Republic of),236,Long-term average annual precipitation in depth,4151,2012,2044,
Venezuela (Bolivarian Republic of),236,Long-term average annual precipitation in depth,4151,2014,2044,
Venezuela (Bolivarian Republic of),236,Long-term average annual precipitation in volume,4150,1982,1864,
Venezuela (Bolivarian Republic of),236,Long-term average annual precipitation in volume,4150,1987,1864,
Venezuela (Bolivarian Republic of),236,Long-term average annual precipitation in volume,4150,1992,1864,
Venezuela (Bolivarian Republic of),236,Long-term average annual precipitation in volume,4150,1997,1864,
Venezuela (Bolivarian Republic of),236,Long-term average annual precipitation in volume,4150,2002,1864,
Venezuela (Bolivarian Republic of),236,Long-term average annual precipitation in volume,4150,2007,1864,
Venezuela (Bolivarian Republic of),236,Long-term average annual precipitation in volume,4150,2012,1864,
Venezuela (Bolivarian Republic of),236,Long-term average annual precipitation in volume,4150,2016,1864,K
Venezuela (Bolivarian Republic of),236,National Rainfall Index (NRI),4472,1982,1900,
Venezuela (Bolivarian Republic of),236,National Rainfall Index (NRI),4472,1986,1840,
Venezuela (Bolivarian Republic of),236,National Rainfall Index (NRI),4472,1989,1734,
Venezuela (Bolivarian Republic of),236,National Rainfall Index (NRI),4472,1993,1804,
Venezuela (Bolivarian Republic of),236,National Rainfall Index (NRI),4472,2002,1813,
Venezuela (Bolivarian Republic of),236,Surface water produced internally,4155,1982,782.7,
Venezuela (Bolivarian Republic of),236,Surface water produced internally,4155,1987,782.7,
Venezuela (Bolivarian Republic of),236,Surface water produced internally,4155,1992,782.7,
Venezuela (Bolivarian Republic of),236,Surface water produced internally,4155,1997,782.7,
Venezuela (Bolivarian Republic of),236,Surface water produced internally,4155,2002,782.7,
Venezuela (Bolivarian Republic of),236,Surface water produced internally,4155,2007,782.7,
Venezuela (Bolivarian Republic of),236,Surface water produced internally,4155,2012,782.7,
Venezuela (Bolivarian Republic of),236,Surface water produced internally,4155,2014,782.7,
Venezuela (Bolivarian Republic of),236,Groundwater produced internally,4154,1982,227,
Venezuela (Bolivarian Republic of),236,Groundwater produced internally,4154,1987,227,
Venezuela (Bolivarian Republic of),236,Groundwater produced internally,4154,1992,227,
Venezuela (Bolivarian Republic of),236,Groundwater produced internally,4154,1997,227,
Venezuela (Bolivarian Republic of),236,Groundwater produced internally,4154,2002,227,
Venezuela (Bolivarian Republic of),236,Groundwater produced internally,4154,2007,227,
Venezuela (Bolivarian Republic of),236,Groundwater produced internally,4154,2012,227,
Venezuela (Bolivarian Republic of),236,Groundwater produced internally,4154,2014,227,
Venezuela (Bolivarian Republic of),236,Overlap between surface water and groundwater,4156,1982,204.7,
Venezuela (Bolivarian Republic of),236,Overlap between surface water and groundwater,4156,1987,204.7,
Venezuela (Bolivarian Republic of),236,Overlap between surface water and groundwater,4156,1992,204.7,
Venezuela (Bolivarian Republic of),236,Overlap between surface water and groundwater,4156,1997,204.7,
Venezuela (Bolivarian Republic of),236,Overlap between surface water and groundwater,4156,2002,204.7,
Venezuela (Bolivarian Republic of),236,Overlap between surface water and groundwater,4156,2007,204.7,
Venezuela (Bolivarian Republic of),236,Overlap between surface water and groundwater,4156,2012,204.7,
Venezuela (Bolivarian Republic of),236,Overlap between surface water and groundwater,4156,2014,204.7,
Venezuela (Bolivarian Republic of),236,Total internal renewable water resources (IRWR),4157,1982,805,
Venezuela (Bolivarian Republic of),236,Total internal renewable water resources (IRWR),4157,1987,805,
Venezuela (Bolivarian Republic of),236,Total internal renewable water resources (IRWR),4157,1992,805,
Venezuela (Bolivarian Republic of),236,Total internal renewable water resources (IRWR),4157,1997,805,
Venezuela (Bolivarian Republic of),236,Total internal renewable water resources (IRWR),4157,2002,805,
Venezuela (Bolivarian Republic of),236,Total internal renewable water resources (IRWR),4157,2007,805,
Venezuela (Bolivarian Republic of),236,Total internal renewable water resources (IRWR),4157,2012,805,
Venezuela (Bolivarian Republic of),236,Total internal renewable water resources (IRWR),4157,2014,805,
Venezuela (Bolivarian Republic of),236,Total internal renewable water resources per capita,4158,1982,49734,K
Venezuela (Bolivarian Republic of),236,Total internal renewable water resources per capita,4158,1987,43660,K
Venezuela (Bolivarian Republic of),236,Total internal renewable water resources per capita,4158,1992,38704,K
Venezuela (Bolivarian Republic of),236,Total internal renewable water resources per capita,4158,1997,34836,K
Venezuela (Bolivarian Republic of),236,Total internal renewable water resources per capita,4158,2002,31694,K
Venezuela (Bolivarian Republic of),236,Total internal renewable water resources per capita,4158,2007,29092,K
Venezuela (Bolivarian Republic of),236,Total internal renewable water resources per capita,4158,2012,26965,K
Venezuela (Bolivarian Republic of),236,Total internal renewable water resources per capita,4158,2014,25878,K
Venezuela (Bolivarian Republic of),236,Surface water: entering the country (total),4159,1982,495,
Venezuela (Bolivarian Republic of),236,Surface water: entering the country (total),4159,1987,495,
Venezuela (Bolivarian Republic of),236,Surface water: entering the country (total),4159,1992,495,
Venezuela (Bolivarian Republic of),236,Surface water: entering the country (total),4159,1997,495,
Venezuela (Bolivarian Republic of),236,Surface water: entering the country (total),4159,2002,495,
Venezuela (Bolivarian Republic of),236,Surface water: entering the country (total),4159,2007,495,
Venezuela (Bolivarian Republic of),236,Surface water: entering the country (total),4159,2012,495,
Venezuela (Bolivarian Republic of),236,Surface water: entering the country (total),4159,2014,495,
Venezuela (Bolivarian Republic of),236,Surface water: inflow not submitted to treaties,4160,1982,495,
Venezuela (Bolivarian Republic of),236,Surface water: inflow not submitted to treaties,4160,1987,495,
Venezuela (Bolivarian Republic of),236,Surface water: inflow not submitted to treaties,4160,1992,495,
Venezuela (Bolivarian Republic of),236,Surface water: inflow not submitted to treaties,4160,1997,495,
Venezuela (Bolivarian Republic of),236,Surface water: inflow not submitted to treaties,4160,2002,495,
Venezuela (Bolivarian Republic of),236,Surface water: inflow not submitted to treaties,4160,2007,495,
Venezuela (Bolivarian Republic of),236,Surface water: inflow not submitted to treaties,4160,2012,495,
Venezuela (Bolivarian Republic of),236,Surface water: inflow not submitted to treaties,4160,2014,495,
Venezuela (Bolivarian Republic of),236,Surface water: inflow submitted to treaties,4161,1982,0,
Venezuela (Bolivarian Republic of),236,Surface water: inflow submitted to treaties,4161,1987,0,
Venezuela (Bolivarian Republic of),236,Surface water: inflow submitted to treaties,4161,1992,0,
Venezuela (Bolivarian Republic of),236,Surface water: inflow submitted to treaties,4161,1997,0,
Venezuela (Bolivarian Republic of),236,Surface water: inflow submitted to treaties,4161,2002,0,
Venezuela (Bolivarian Republic of),236,Surface water: inflow submitted to treaties,4161,2007,0,
Venezuela (Bolivarian Republic of),236,Surface water: inflow submitted to treaties,4161,2012,0,
Venezuela (Bolivarian Republic of),236,Surface water: inflow submitted to treaties,4161,2014,0,
Venezuela (Bolivarian Republic of),236,Surface water: inflow secured through treaties,4162,1982,0,
Venezuela (Bolivarian Republic of),236,Surface water: inflow secured through treaties,4162,1987,0,
Venezuela (Bolivarian Republic of),236,Surface water: inflow secured through treaties,4162,1992,0,
Venezuela (Bolivarian Republic of),236,Surface water: inflow secured through treaties,4162,1997,0,
Venezuela (Bolivarian Republic of),236,Surface water: inflow secured through treaties,4162,2002,0,
Venezuela (Bolivarian Republic of),236,Surface water: inflow secured through treaties,4162,2007,0,
Venezuela (Bolivarian Republic of),236,Surface water: inflow secured through treaties,4162,2012,0,
Venezuela (Bolivarian Republic of),236,Surface water: inflow secured through treaties,4162,2014,0,
Venezuela (Bolivarian Republic of),236,Surface water: total flow of border rivers,4165,1982,50,
Venezuela (Bolivarian Republic of),236,Surface water: total flow of border rivers,4165,1987,50,
Venezuela (Bolivarian Republic of),236,Surface water: total flow of border rivers,4165,1992,50,
Venezuela (Bolivarian Republic of),236,Surface water: total flow of border rivers,4165,1997,50,
Venezuela (Bolivarian Republic of),236,Surface water: total flow of border rivers,4165,2002,50,
Venezuela (Bolivarian Republic of),236,Surface water: total flow of border rivers,4165,2007,50,
Venezuela (Bolivarian Republic of),236,Surface water: total flow of border rivers,4165,2012,50,
Venezuela (Bolivarian Republic of),236,Surface water: total flow of border rivers,4165,2014,50,
Venezuela (Bolivarian Republic of),236,Surface water: accounted flow of border rivers,4168,1982,25,
Venezuela (Bolivarian Republic of),236,Surface water: accounted flow of border rivers,4168,1987,25,
Venezuela (Bolivarian Republic of),236,Surface water: accounted flow of border rivers,4168,1992,25,
Venezuela (Bolivarian Republic of),236,Surface water: accounted flow of border rivers,4168,1997,25,
Venezuela (Bolivarian Republic of),236,Surface water: accounted flow of border rivers,4168,2002,25,
Venezuela (Bolivarian Republic of),236,Surface water: accounted flow of border rivers,4168,2007,25,
Venezuela (Bolivarian Republic of),236,Surface water: accounted flow of border rivers,4168,2012,25,
Venezuela (Bolivarian Republic of),236,Surface water: accounted flow of border rivers,4168,2014,25,
Venezuela (Bolivarian Republic of),236,Surface water: accounted inflow,4164,1982,520,
Venezuela (Bolivarian Republic of),236,Surface water: accounted inflow,4164,1987,520,
Venezuela (Bolivarian Republic of),236,Surface water: accounted inflow,4164,1992,520,
Venezuela (Bolivarian Republic of),236,Surface water: accounted inflow,4164,1997,520,
Venezuela (Bolivarian Republic of),236,Surface water: accounted inflow,4164,2002,520,
Venezuela (Bolivarian Republic of),236,Surface water: accounted inflow,4164,2007,520,
Venezuela (Bolivarian Republic of),236,Surface water: accounted inflow,4164,2012,520,
Venezuela (Bolivarian Republic of),236,Surface water: accounted inflow,4164,2014,520,
Venezuela (Bolivarian Republic of),236,Surface water: leaving the country to other countries (total),4171,1982,160,
Venezuela (Bolivarian Republic of),236,Surface water: leaving the country to other countries (total),4171,1987,160,
Venezuela (Bolivarian Republic of),236,Surface water: leaving the country to other countries (total),4171,1992,160,
Venezuela (Bolivarian Republic of),236,Surface water: leaving the country to other countries (total),4171,1997,160,
Venezuela (Bolivarian Republic of),236,Surface water: leaving the country to other countries (total),4171,2002,160,
Venezuela (Bolivarian Republic of),236,Surface water: leaving the country to other countries (total),4171,2007,160,
Venezuela (Bolivarian Republic of),236,Surface water: leaving the country to other countries (total),4171,2012,160,
Venezuela (Bolivarian Republic of),236,Surface water: leaving the country to other countries (total),4171,2014,160,
Venezuela (Bolivarian Republic of),236,Surface water: outflow to other countries not submitted to treaties,4172,1982,160,
Venezuela (Bolivarian Republic of),236,Surface water: outflow to other countries not submitted to treaties,4172,1987,160,
Venezuela (Bolivarian Republic of),236,Surface water: outflow to other countries not submitted to treaties,4172,1992,160,
Venezuela (Bolivarian Republic of),236,Surface water: outflow to other countries not submitted to treaties,4172,1997,160,
Venezuela (Bolivarian Republic of),236,Surface water: outflow to other countries not submitted to treaties,4172,2002,160,
Venezuela (Bolivarian Republic of),236,Surface water: outflow to other countries not submitted to treaties,4172,2007,160,
Venezuela (Bolivarian Republic of),236,Surface water: outflow to other countries not submitted to treaties,4172,2012,160,
Venezuela (Bolivarian Republic of),236,Surface water: outflow to other countries not submitted to treaties,4172,2014,160,
Venezuela (Bolivarian Republic of),236,Surface water: outflow to other countries submitted to treaties,4173,1982,0,
Venezuela (Bolivarian Republic of),236,Surface water: outflow to other countries submitted to treaties,4173,1987,0,
Venezuela (Bolivarian Republic of),236,Surface water: outflow to other countries submitted to treaties,4173,1992,0,
Venezuela (Bolivarian Republic of),236,Surface water: outflow to other countries submitted to treaties,4173,1997,0,
Venezuela (Bolivarian Republic of),236,Surface water: outflow to other countries submitted to treaties,4173,2002,0,
Venezuela (Bolivarian Republic of),236,Surface water: outflow to other countries submitted to treaties,4173,2007,0,
Venezuela (Bolivarian Republic of),236,Surface water: outflow to other countries submitted to treaties,4173,2012,0,
Venezuela (Bolivarian Republic of),236,Surface water: outflow to other countries submitted to treaties,4173,2014,0,
Venezuela (Bolivarian Republic of),236,Surface water: outflow to other countries secured through treaties,4174,1982,0,
Venezuela (Bolivarian Republic of),236,Surface water: outflow to other countries secured through treaties,4174,1987,0,
Venezuela (Bolivarian Republic of),236,Surface water: outflow to other countries secured through treaties,4174,1992,0,
Venezuela (Bolivarian Republic of),236,Surface water: outflow to other countries secured through treaties,4174,1997,0,
Venezuela (Bolivarian Republic of),236,Surface water: outflow to other countries secured through treaties,4174,2002,0,
Venezuela (Bolivarian Republic of),236,Surface water: outflow to other countries secured through treaties,4174,2007,0,
Venezuela (Bolivarian Republic of),236,Surface water: outflow to other countries secured through treaties,4174,2012,0,
Venezuela (Bolivarian Republic of),236,Surface water: outflow to other countries secured through treaties,4174,2014,0,
Venezuela (Bolivarian Republic of),236,Surface water: total external renewable,4176,1982,520,
Venezuela (Bolivarian Republic of),236,Surface water: total external renewable,4176,1987,520,
Venezuela (Bolivarian Republic of),236,Surface water: total external renewable,4176,1992,520,
Venezuela (Bolivarian Republic of),236,Surface water: total external renewable,4176,1997,520,
Venezuela (Bolivarian Republic of),236,Surface water: total external renewable,4176,2002,520,
Venezuela (Bolivarian Republic of),236,Surface water: total external renewable,4176,2007,520,
Venezuela (Bolivarian Republic of),236,Surface water: total external renewable,4176,2012,520,
Venezuela (Bolivarian Republic of),236,Surface water: total external renewable,4176,2014,520,
Venezuela (Bolivarian Republic of),236,Groundwater: entering the country (total),4177,1982,0,
Venezuela (Bolivarian Republic of),236,Groundwater: entering the country (total),4177,1987,0,
Venezuela (Bolivarian Republic of),236,Groundwater: entering the country (total),4177,1992,0,
Venezuela (Bolivarian Republic of),236,Groundwater: entering the country (total),4177,1997,0,
Venezuela (Bolivarian Republic of),236,Groundwater: entering the country (total),4177,2002,0,
Venezuela (Bolivarian Republic of),236,Groundwater: entering the country (total),4177,2007,0,
Venezuela (Bolivarian Republic of),236,Groundwater: entering the country (total),4177,2012,0,
Venezuela (Bolivarian Republic of),236,Groundwater: entering the country (total),4177,2014,0,
Venezuela (Bolivarian Republic of),236,Groundwater: accounted inflow,4452,1982,0,
Venezuela (Bolivarian Republic of),236,Groundwater: accounted inflow,4452,1987,0,
Venezuela (Bolivarian Republic of),236,Groundwater: accounted inflow,4452,1992,0,
Venezuela (Bolivarian Republic of),236,Groundwater: accounted inflow,4452,1997,0,
Venezuela (Bolivarian Republic of),236,Groundwater: accounted inflow,4452,2002,0,
Venezuela (Bolivarian Republic of),236,Groundwater: accounted inflow,4452,2007,0,
Venezuela (Bolivarian Republic of),236,Groundwater: accounted inflow,4452,2012,0,
Venezuela (Bolivarian Republic of),236,Groundwater: accounted inflow,4452,2014,0,
Venezuela (Bolivarian Republic of),236,Groundwater: leaving the country to other countries (total),4178,1982,0,
Venezuela (Bolivarian Republic of),236,Groundwater: leaving the country to other countries (total),4178,1987,0,
Venezuela (Bolivarian Republic of),236,Groundwater: leaving the country to other countries (total),4178,1992,0,
Venezuela (Bolivarian Republic of),236,Groundwater: leaving the country to other countries (total),4178,1997,0,
Venezuela (Bolivarian Republic of),236,Groundwater: leaving the country to other countries (total),4178,2002,0,
Venezuela (Bolivarian Republic of),236,Groundwater: leaving the country to other countries (total),4178,2007,0,
Venezuela (Bolivarian Republic of),236,Groundwater: leaving the country to other countries (total),4178,2012,0,
Venezuela (Bolivarian Republic of),236,Groundwater: leaving the country to other countries (total),4178,2014,0,
Venezuela (Bolivarian Republic of),236,Groundwater: accounted outflow to other countries,4453,1982,0,I
Venezuela (Bolivarian Republic of),236,Groundwater: accounted outflow to other countries,4453,1987,0,I
Venezuela (Bolivarian Republic of),236,Groundwater: accounted outflow to other countries,4453,1992,0,I
Venezuela (Bolivarian Republic of),236,Groundwater: accounted outflow to other countries,4453,1997,0,I
Venezuela (Bolivarian Republic of),236,Groundwater: accounted outflow to other countries,4453,2002,0,I
Venezuela (Bolivarian Republic of),236,Groundwater: accounted outflow to other countries,4453,2007,0,I
Venezuela (Bolivarian Republic of),236,Groundwater: accounted outflow to other countries,4453,2012,0,I
Venezuela (Bolivarian Republic of),236,Groundwater: accounted outflow to other countries,4453,2014,0,I
Venezuela (Bolivarian Republic of),236,Water resources: total external renewable,4182,1982,520,
Venezuela (Bolivarian Republic of),236,Water resources: total external renewable,4182,1987,520,
Venezuela (Bolivarian Republic of),236,Water resources: total external renewable,4182,1992,520,
Venezuela (Bolivarian Republic of),236,Water resources: total external renewable,4182,1997,520,
Venezuela (Bolivarian Republic of),236,Water resources: total external renewable,4182,2002,520,
Venezuela (Bolivarian Republic of),236,Water resources: total external renewable,4182,2007,520,
Venezuela (Bolivarian Republic of),236,Water resources: total external renewable,4182,2012,520,
Venezuela (Bolivarian Republic of),236,Water resources: total external renewable,4182,2014,520,
Venezuela (Bolivarian Republic of),236,Total renewable surface water,4185,1982,1303,
Venezuela (Bolivarian Republic of),236,Total renewable surface water,4185,1987,1303,
Venezuela (Bolivarian Republic of),236,Total renewable surface water,4185,1992,1303,
Venezuela (Bolivarian Republic of),236,Total renewable surface water,4185,1997,1303,
Venezuela (Bolivarian Republic of),236,Total renewable surface water,4185,2002,1303,
Venezuela (Bolivarian Republic of),236,Total renewable surface water,4185,2007,1303,
Venezuela (Bolivarian Republic of),236,Total renewable surface water,4185,2012,1303,
Venezuela (Bolivarian Republic of),236,Total renewable surface water,4185,2014,1303,
Venezuela (Bolivarian Republic of),236,Total renewable groundwater,4187,1982,227,
Venezuela (Bolivarian Republic of),236,Total renewable groundwater,4187,1987,227,
Venezuela (Bolivarian Republic of),236,Total renewable groundwater,4187,1992,227,
Venezuela (Bolivarian Republic of),236,Total renewable groundwater,4187,1997,227,
Venezuela (Bolivarian Republic of),236,Total renewable groundwater,4187,2002,227,
Venezuela (Bolivarian Republic of),236,Total renewable groundwater,4187,2007,227,
Venezuela (Bolivarian Republic of),236,Total renewable groundwater,4187,2012,227,
Venezuela (Bolivarian Republic of),236,Total renewable groundwater,4187,2014,227,
Venezuela (Bolivarian Republic of),236,Overlap: between surface water and groundwater,4536,1982,204.7,
Venezuela (Bolivarian Republic of),236,Overlap: between surface water and groundwater,4536,1987,204.7,
Venezuela (Bolivarian Republic of),236,Overlap: between surface water and groundwater,4536,1992,204.7,
Venezuela (Bolivarian Republic of),236,Overlap: between surface water and groundwater,4536,1997,204.7,
Venezuela (Bolivarian Republic of),236,Overlap: between surface water and groundwater,4536,2002,204.7,
Venezuela (Bolivarian Republic of),236,Overlap: between surface water and groundwater,4536,2007,204.7,
Venezuela (Bolivarian Republic of),236,Overlap: between surface water and groundwater,4536,2012,204.7,
Venezuela (Bolivarian Republic of),236,Overlap: between surface water and groundwater,4536,2014,204.7,
Venezuela (Bolivarian Republic of),236,Total renewable water resources,4188,1982,1325,
Venezuela (Bolivarian Republic of),236,Total renewable water resources,4188,1987,1325,
Venezuela (Bolivarian Republic of),236,Total renewable water resources,4188,1992,1325,
Venezuela (Bolivarian Republic of),236,Total renewable water resources,4188,1997,1325,
Venezuela (Bolivarian Republic of),236,Total renewable water resources,4188,2002,1325,
Venezuela (Bolivarian Republic of),236,Total renewable water resources,4188,2007,1325,
Venezuela (Bolivarian Republic of),236,Total renewable water resources,4188,2012,1325,
Venezuela (Bolivarian Republic of),236,Total renewable water resources,4188,2014,1325,
Venezuela (Bolivarian Republic of),236,Dependency ratio,4192,1982,39.25,
Venezuela (Bolivarian Republic of),236,Dependency ratio,4192,1987,39.25,
Venezuela (Bolivarian Republic of),236,Dependency ratio,4192,1992,39.25,
Venezuela (Bolivarian Republic of),236,Dependency ratio,4192,1997,39.25,
Venezuela (Bolivarian Republic of),236,Dependency ratio,4192,2002,39.25,
Venezuela (Bolivarian Republic of),236,Dependency ratio,4192,2007,39.25,
Venezuela (Bolivarian Republic of),236,Dependency ratio,4192,2012,39.25,
Venezuela (Bolivarian Republic of),236,Dependency ratio,4192,2014,39.25,
Venezuela (Bolivarian Republic of),236,Total renewable water resources per capita,4190,1982,81861,K
Venezuela (Bolivarian Republic of),236,Total renewable water resources per capita,4190,1987,71862,K
Venezuela (Bolivarian Republic of),236,Total renewable water resources per capita,4190,1992,63705,K
Venezuela (Bolivarian Republic of),236,Total renewable water resources per capita,4190,1997,57339,K
Venezuela (Bolivarian Republic of),236,Total renewable water resources per capita,4190,2002,52167,K
Venezuela (Bolivarian Republic of),236,Total renewable water resources per capita,4190,2007,47884,K
Venezuela (Bolivarian Republic of),236,Total renewable water resources per capita,4190,2012,44383,K
Venezuela (Bolivarian Republic of),236,Total renewable water resources per capita,4190,2014,42594,K
Venezuela (Bolivarian Republic of),236,Interannual variability (WRI),4541,2013,2.7,E
Venezuela (Bolivarian Republic of),236,Seasonal variability (WRI),4542,2013,2.3,E
Venezuela (Bolivarian Republic of),236,Total dam capacity,4197,1980,10.35,L
Venezuela (Bolivarian Republic of),236,Total dam capacity,4197,1985,11.98,L
Venezuela (Bolivarian Republic of),236,Total dam capacity,4197,1990,153.2,L
Venezuela (Bolivarian Republic of),236,Total dam capacity,4197,1995,153.3,L
Venezuela (Bolivarian Republic of),236,Total dam capacity,4197,2000,153.6,L
Venezuela (Bolivarian Republic of),236,Total dam capacity,4197,2005,157.4,L
Venezuela (Bolivarian Republic of),236,Total dam capacity,4197,2010,157.6,L
Venezuela (Bolivarian Republic of),236,Total dam capacity,4197,2015,157.6,L
Venezuela (Bolivarian Republic of),236,Dam capacity per capita,4471,1980,639.4,K
Venezuela (Bolivarian Republic of),236,Dam capacity per capita,4471,1985,649.7,K
Venezuela (Bolivarian Republic of),236,Dam capacity per capita,4471,1990,7366,K
Venezuela (Bolivarian Republic of),236,Dam capacity per capita,4471,1995,6634,K
Venezuela (Bolivarian Republic of),236,Dam capacity per capita,4471,2000,6047,K
Venezuela (Bolivarian Republic of),236,Dam capacity per capita,4471,2005,5688,K
Venezuela (Bolivarian Republic of),236,Dam capacity per capita,4471,2010,5279,K
Venezuela (Bolivarian Republic of),236,Dam capacity per capita,4471,2015,5066,K
Venezuela (Bolivarian Republic of),236,Agricultural water withdrawal,4250,2000,3.97,L
Venezuela (Bolivarian Republic of),236,Agricultural water withdrawal,4250,2007,16.71,I
Venezuela (Bolivarian Republic of),236,Agricultural water withdrawal,4250,2008,16.71,L
Venezuela (Bolivarian Republic of),236,Industrial water withdrawal,4252,2000,0.6831,L
Venezuela (Bolivarian Republic of),236,Industrial water withdrawal,4252,2005,0.7933,L
Venezuela (Bolivarian Republic of),236,Municipal water withdrawal,4251,2000,4.411,L
Venezuela (Bolivarian Republic of),236,Municipal water withdrawal,4251,2005,5.123,L
Venezuela (Bolivarian Republic of),236,Total water withdrawal,4253,2000,9.064,L
Venezuela (Bolivarian Republic of),236,Total water withdrawal,4253,2007,22.63,I
Venezuela (Bolivarian Republic of),236,Irrigation water withdrawal,4475,2008,16.71,L
Venezuela (Bolivarian Republic of),236,Irrigation water requirement,4260,2008,6.472,L
Venezuela (Bolivarian Republic of),236,Agricultural water withdrawal as % of total water withdrawal,4254,2000,43.8,L
Venezuela (Bolivarian Republic of),236,Agricultural water withdrawal as % of total water withdrawal,4254,2007,73.84,I
Venezuela (Bolivarian Republic of),236,Industrial water withdrawal as % of total water withdrawal,4256,2000,7.536,L
Venezuela (Bolivarian Republic of),236,Industrial water withdrawal as % of total water withdrawal,4256,2007,3.506,I
Venezuela (Bolivarian Republic of),236,Municipal water withdrawal as % of total withdrawal,4255,2000,48.67,L
Venezuela (Bolivarian Republic of),236,Municipal water withdrawal as % of total withdrawal,4255,2007,22.64,I
Venezuela (Bolivarian Republic of),236,Total water withdrawal per capita,4257,2000,356.9,K
Venezuela (Bolivarian Republic of),236,Total water withdrawal per capita,4257,2007,817.8,K
Venezuela (Bolivarian Republic of),236,Environmental Flow Requirements,4549,1982,448,E
Venezuela (Bolivarian Republic of),236,Environmental Flow Requirements,4549,1987,448,E
Venezuela (Bolivarian Republic of),236,Environmental Flow Requirements,4549,1992,448,E
Venezuela (Bolivarian Republic of),236,Environmental Flow Requirements,4549,1997,448,E
Venezuela (Bolivarian Republic of),236,Environmental Flow Requirements,4549,2002,448,E
Venezuela (Bolivarian Republic of),236,Environmental Flow Requirements,4549,2007,448,E
Venezuela (Bolivarian Republic of),236,Environmental Flow Requirements,4549,2012,448,E
Venezuela (Bolivarian Republic of),236,Environmental Flow Requirements,4549,2017,448,E
Venezuela (Bolivarian Republic of),236,Total freshwater withdrawal (primary and secondary),4263,2000,9.059,I
Venezuela (Bolivarian Republic of),236,Total freshwater withdrawal (primary and secondary),4263,2007,22.62,I
Venezuela (Bolivarian Republic of),236,Desalinated water produced,4264,1990,0.0052,
Venezuela (Bolivarian Republic of),236,Desalinated water produced,4264,2000,0.0052,I
Venezuela (Bolivarian Republic of),236,Desalinated water produced,4264,2007,0.0052,I
Venezuela (Bolivarian Republic of),236,Produced municipal wastewater,4269,1996,2.903,
Venezuela (Bolivarian Republic of),236,Treated municipal wastewater,4270,2009,0.93,
Venezuela (Bolivarian Republic of),236,Area equipped for irrigation by direct use of treated municipal wastewater,4533,2008,2.9,
Venezuela (Bolivarian Republic of),236,MDG 7.5. Freshwater withdrawal as % of total renewable water resources,4275,2000,0.6837,I
Venezuela (Bolivarian Republic of),236,MDG 7.5. Freshwater withdrawal as % of total renewable water resources,4275,2007,1.707,I
Venezuela (Bolivarian Republic of),236,Agricultural water withdrawal as % of total renewable water resources,4273,2000,0.2996,I
Venezuela (Bolivarian Republic of),236,Agricultural water withdrawal as % of total renewable water resources,4273,2007,1.261,I
Venezuela (Bolivarian Republic of),236,Agricultural water withdrawal as % of total renewable water resources,4273,2008,1.261,I
Venezuela (Bolivarian Republic of),236,SDG 6.4.2. Water Stress,4550,2000,1.033,K
Venezuela (Bolivarian Republic of),236,SDG 6.4.2. Water Stress,4550,2007,2.579,K
Venezuela (Bolivarian Republic of),236,Irrigation potential,4307,1982,2000,
Venezuela (Bolivarian Republic of),236,Irrigation potential,4307,1987,2000,
Venezuela (Bolivarian Republic of),236,Irrigation potential,4307,1992,2000,
Venezuela (Bolivarian Republic of),236,Irrigation potential,4307,1997,2000,
Venezuela (Bolivarian Republic of),236,Irrigation potential,4307,2002,2000,
Venezuela (Bolivarian Republic of),236,Irrigation potential,4307,2007,2000,
Venezuela (Bolivarian Republic of),236,Irrigation potential,4307,2012,2000,
Venezuela (Bolivarian Republic of),236,Irrigation potential,4307,2013,2000,
Venezuela (Bolivarian Republic of),236,Area equipped for full control irrigation: surface irrigation,4308,1989,356.1,
Venezuela (Bolivarian Republic of),236,Area equipped for full control irrigation: surface irrigation,4308,2008,735.5,
Venezuela (Bolivarian Republic of),236,Area equipped for full control irrigation: sprinkler irrigation,4309,1989,72.8,
Venezuela (Bolivarian Republic of),236,Area equipped for full control irrigation: sprinkler irrigation,4309,2008,275.5,
Venezuela (Bolivarian Republic of),236,Area equipped for full control irrigation: localized irrigation,4310,1989,20.8,
Venezuela (Bolivarian Republic of),236,Area equipped for full control irrigation: localized irrigation,4310,2008,44.3,
Venezuela (Bolivarian Republic of),236,Area equipped for full control irrigation: total,4311,1989,449.7,
Venezuela (Bolivarian Republic of),236,Area equipped for full control irrigation: total,4311,1998,570.2,
Venezuela (Bolivarian Republic of),236,Area equipped for full control irrigation: total,4311,2008,1055,K
Venezuela (Bolivarian Republic of),236,Area equipped for full control irrigation: actually irrigated,4461,1998,307.9,
Venezuela (Bolivarian Republic of),236,Area equipped for full control irrigation: actually irrigated,4461,2008,978.8,K
Venezuela (Bolivarian Republic of),236,% of area equipped for full control irrigation actually irrigated,4463,1998,54,
Venezuela (Bolivarian Republic of),236,% of area equipped for full control irrigation actually irrigated,4463,2008,92.78,K
Venezuela (Bolivarian Republic of),236,Area equipped for irrigation: total,4313,1989,449.7,
Venezuela (Bolivarian Republic of),236,Area equipped for irrigation: total,4313,1998,570.2,
Venezuela (Bolivarian Republic of),236,Area equipped for irrigation: total,4313,2008,1055,K
Venezuela (Bolivarian Republic of),236,Area equipped for irrigation: actually irrigated,4318,1998,307.9,
Venezuela (Bolivarian Republic of),236,Area equipped for irrigation: actually irrigated,4318,2008,978.8,K
Venezuela (Bolivarian Republic of),236,% of the area equipped for irrigation actually irrigated,4328,1989,54,
Venezuela (Bolivarian Republic of),236,% of the area equipped for irrigation actually irrigated,4328,1998,54,
Venezuela (Bolivarian Republic of),236,% of the area equipped for irrigation actually irrigated,4328,2008,92.78,K
Venezuela (Bolivarian Republic of),236,% of the cultivated area equipped for irrigation,4331,1989,13.38,K
Venezuela (Bolivarian Republic of),236,% of the cultivated area equipped for irrigation,4331,1998,17.28,K
Venezuela (Bolivarian Republic of),236,% of the cultivated area equipped for irrigation,4331,2008,31.03,K
Venezuela (Bolivarian Republic of),236,% of irrigation potential equipped for irrigation,4330,1989,22.48,
Venezuela (Bolivarian Republic of),236,% of irrigation potential equipped for irrigation,4330,1998,28.51,
Venezuela (Bolivarian Republic of),236,% of irrigation potential equipped for irrigation,4330,2008,52.75,K
Venezuela (Bolivarian Republic of),236,Total agricultural water managed area,4317,1989,449.7,
Venezuela (Bolivarian Republic of),236,Total agricultural water managed area,4317,1998,570.2,
Venezuela (Bolivarian Republic of),236,Total agricultural water managed area,4317,2008,1055,K
Venezuela (Bolivarian Republic of),236,% of agricultural water managed area equipped for irrigation,4319,1989,100,
Venezuela (Bolivarian Republic of),236,% of agricultural water managed area equipped for irrigation,4319,1998,100,
Venezuela (Bolivarian Republic of),236,% of agricultural water managed area equipped for irrigation,4319,2008,100,K
Venezuela (Bolivarian Republic of),236,Area equipped for irrigation by surface water,4321,1989,440.7,
Venezuela (Bolivarian Republic of),236,Area equipped for irrigation by surface water,4321,2008,566.6,
Venezuela (Bolivarian Republic of),236,Area equipped for irrigation by groundwater,4320,1989,8.994,
Venezuela (Bolivarian Republic of),236,Area equipped for irrigation by groundwater,4320,2008,450.7,
Venezuela (Bolivarian Republic of),236,Area equipped for irrigation by mixed surface water and groundwater,4322,1989,0,
Venezuela (Bolivarian Republic of),236,Area equipped for irrigation by mixed surface water and groundwater,4322,2008,35.1,
Venezuela (Bolivarian Republic of),236,Area equipped for irrigation by direct use of treated municipal wastewater,4465,2008,2.9,
Venezuela (Bolivarian Republic of),236,% of area equipped for irrigation by surface water,4324,1989,98,
Venezuela (Bolivarian Republic of),236,% of area equipped for irrigation by surface water,4324,2008,53.71,K
Venezuela (Bolivarian Republic of),236,% of area equipped for irrigation by groundwater,4323,1989,2,
Venezuela (Bolivarian Republic of),236,% of area equipped for irrigation by groundwater,4323,2008,42.72,K
Venezuela (Bolivarian Republic of),236,% of area equipped for irrigation by mixed surface water and groundwater,4325,1989,0,
Venezuela (Bolivarian Republic of),236,% of area equipped for irrigation by mixed surface water and groundwater,4325,2008,3.327,K
Venezuela (Bolivarian Republic of),236,% of area equipped for irrigation by direct use of  treated municipal wastewater,4466,2008,0.2749,K
Venezuela (Bolivarian Republic of),236,% of area equipped for irrigation power irrigated,4327,1989,33,
Venezuela (Bolivarian Republic of),236,Total harvested irrigated crop area (full control irrigation),4379,2008,978.8,
Venezuela (Bolivarian Republic of),236,Harvested irrigated temporary crop area: Total,4520,2008,426.1,
Venezuela (Bolivarian Republic of),236,Harvested irrigated permanent crop area: Total,4521,2008,257,
Venezuela (Bolivarian Republic of),236,Permanent meadows and pastures irrigated,4469,2008,295.7,
Venezuela (Bolivarian Republic of),236,Irrigated cropping intensity,4464,2008,100,K
Venezuela (Bolivarian Republic of),236,Harvested irrigated temporary crop area: Rice,4346,2008,148.9,
Venezuela (Bolivarian Republic of),236,Harvested irrigated temporary crop area: Maize,4348,2008,59.41,
Venezuela (Bolivarian Republic of),236,Harvested irrigated temporary crop area: Sorghum,4350,2008,12.75,
Venezuela (Bolivarian Republic of),236,Harvested irrigated temporary crop area: Vegetables,4360,2008,23.1,
Venezuela (Bolivarian Republic of),236,Harvested irrigated temporary crop area: Soybeans,4371,2008,0.5,
Venezuela (Bolivarian Republic of),236,Harvested irrigated temporary crop area: Sesame,4374,2008,0.6,
Venezuela (Bolivarian Republic of),236,Harvested irrigated temporary crop area: Sunflower,4373,2008,0.3,
Venezuela (Bolivarian Republic of),236,Harvested irrigated temporary crop area: Potatoes,4352,2008,13.13,
Venezuela (Bolivarian Republic of),236,Harvested irrigated temporary crop area: Sweet potatoes,4353,2008,0.6,
Venezuela (Bolivarian Republic of),236,Harvested irrigated temporary crop area: Cassava,4354,2008,5.277,
Venezuela (Bolivarian Republic of),236,Harvested irrigated temporary crop area: Other roots and tubers,4355,2008,8.1,
Venezuela (Bolivarian Republic of),236,Harvested irrigated temporary crop area: Leguminous crops,4359,2008,4.1,
Venezuela (Bolivarian Republic of),236,Harvested irrigated temporary crop area: Sugarcane,4357,2008,87.51,
Venezuela (Bolivarian Republic of),236,Harvested irrigated temporary crop area: Cotton,4367,2008,1.6,
Venezuela (Bolivarian Republic of),236,Harvested irrigated temporary crop area: Flowers,4376,2008,1.4,
Venezuela (Bolivarian Republic of),236,Harvested irrigated temporary crop area: Tobacco,4366,2008,1,
Venezuela (Bolivarian Republic of),236,Harvested irrigated temporary crop area: Other crops,4377,2008,57.78,
Venezuela (Bolivarian Republic of),236,Harvested irrigated permanent crop area: Plantains,4356,2008,14.6,
Venezuela (Bolivarian Republic of),236,Harvested irrigated permanent crop area: Bananas,4361,2008,23.78,
Venezuela (Bolivarian Republic of),236,Harvested irrigated permanent crop area: Citrus,4362,2008,38.21,
Venezuela (Bolivarian Republic of),236,Harvested irrigated permanent crop area: Coconuts,4375,2008,5.775,
Venezuela (Bolivarian Republic of),236,Harvested irrigated permanent crop area: Oil palm,4370,2008,26.12,
Venezuela (Bolivarian Republic of),236,Harvested irrigated permanent crop area: Coffee,4364,2008,34.81,
Venezuela (Bolivarian Republic of),236,Harvested irrigated permanent crop area: Cocoa beans,4363,2008,26.6,
Venezuela (Bolivarian Republic of),236,Harvested irrigated permanent crop area: Other crops,4378,2008,87.12,
Venezuela (Bolivarian Republic of),236,Total cultivated area drained,4300,1997,2204,
Venezuela (Bolivarian Republic of),236,% of total cultivated area drained,4305,1997,64.9,K
Venezuela (Bolivarian Republic of),236,Flood occurrence (WRI),4543,2013,2.7,E
Venezuela (Bolivarian Republic of),236,Total population with access to safe drinking-water (JMP),4114,1992,89.3,E
Venezuela (Bolivarian Republic of),236,Total population with access to safe drinking-water (JMP),4114,1997,90.4,E
Venezuela (Bolivarian Republic of),236,Total population with access to safe drinking-water (JMP),4114,2002,91.5,E
Venezuela (Bolivarian Republic of),236,Total population with access to safe drinking-water (JMP),4114,2007,92.2,E
Venezuela (Bolivarian Republic of),236,Total population with access to safe drinking-water (JMP),4114,2012,92.9,E
Venezuela (Bolivarian Republic of),236,Total population with access to safe drinking-water (JMP),4114,2015,93.1,E
Venezuela (Bolivarian Republic of),236,Rural population with access to safe drinking-water (JMP),4115,1992,69.2,E
Venezuela (Bolivarian Republic of),236,Rural population with access to safe drinking-water (JMP),4115,1997,71.2,E
Venezuela (Bolivarian Republic of),236,Rural population with access to safe drinking-water (JMP),4115,2002,73.3,E
Venezuela (Bolivarian Republic of),236,Rural population with access to safe drinking-water (JMP),4115,2007,75.4,E
Venezuela (Bolivarian Republic of),236,Rural population with access to safe drinking-water (JMP),4115,2012,77.5,E
Venezuela (Bolivarian Republic of),236,Rural population with access to safe drinking-water (JMP),4115,2015,77.9,E
Venezuela (Bolivarian Republic of),236,Urban population with access to safe drinking-water (JMP),4116,1992,92.8,E
Venezuela (Bolivarian Republic of),236,Urban population with access to safe drinking-water (JMP),4116,1997,93.3,E
Venezuela (Bolivarian Republic of),236,Urban population with access to safe drinking-water (JMP),4116,2002,93.8,E
Venezuela (Bolivarian Republic of),236,Urban population with access to safe drinking-water (JMP),4116,2007,94.4,E
Venezuela (Bolivarian Republic of),236,Urban population with access to safe drinking-water (JMP),4116,2012,94.9,E
Venezuela (Bolivarian Republic of),236,Urban population with access to safe drinking-water (JMP),4116,2015,95,E
Venezuela (Bolivarian Republic of),236,Population affected by water related disease,4403,1995,22.06,